activity_code,code,name_ar,name_en,description,sort_order
dental_clinics,small_dental_clinic,عيادة أسنان صغيرة,Small Dental Clinic,1-2 chairs single dentist,1
dental_clinics,medium_dental_clinic,عيادة أسنان متوسطة,Medium Dental Clinic,3-5 chairs multiple dentists,2
dental_clinics,large_dental_clinic,عيادة أسنان كبيرة,Large Dental Clinic,6+ chairs full specialists team,3
financial_banking_banking_activity,financial_banking_banking_activity_small,الخدمات المصرفية صغير,Small Banking Services,Small scale operation,4
financial_banking_banking_activity,financial_banking_banking_activity_medium,الخدمات المصرفية متوسط,Medium Banking Services,Medium scale operation,5
financial_banking_banking_activity,financial_banking_banking_activity_large,الخدمات المصرفية كبير,Large Banking Services,Large scale operation,6
financial_banking_insurance_activity,financial_banking_insurance_activity_small,التأمين صغير,Small Insurance,Small scale operation,7
financial_banking_insurance_activity,financial_banking_insurance_activity_medium,التأمين متوسط,Medium Insurance,Medium scale operation,8
financial_banking_insurance_activity,financial_banking_insurance_activity_large,التأمين كبير,Large Insurance,Large scale operation,9
financial_banking_fintech_activity,financial_banking_fintech_activity_small,التقنية المالية صغير,Small Fintech,Small scale operation,10
financial_banking_fintech_activity,financial_banking_fintech_activity_medium,التقنية المالية متوسط,Medium Fintech,Medium scale operation,11
financial_banking_fintech_activity,financial_banking_fintech_activity_large,التقنية المالية كبير,Large Fintech,Large scale operation,12
financial_banking_investment_activity,financial_banking_investment_activity_small,الاستثمار صغير,Small Investment,Small scale operation,13
financial_banking_investment_activity,financial_banking_investment_activity_medium,الاستثمار متوسط,Medium Investment,Medium scale operation,14
financial_banking_investment_activity,financial_banking_investment_activity_large,الاستثمار كبير,Large Investment,Large scale operation,15
insurance_banking_activity,insurance_banking_activity_small,الخدمات المصرفية صغير,Small Banking Services,Small scale operation,16
insurance_banking_activity,insurance_banking_activity_medium,الخدمات المصرفية متوسط,Medium Banking Services,Medium scale operation,17
insurance_banking_activity,insurance_banking_activity_large,الخدمات المصرفية كبير,Large Banking Services,Large scale operation,18
insurance_insurance_activity,insurance_insurance_activity_small,التأمين صغير,Small Insurance,Small scale operation,19
insurance_insurance_activity,insurance_insurance_activity_medium,التأمين متوسط,Medium Insurance,Medium scale operation,20
insurance_insurance_activity,insurance_insurance_activity_large,التأمين كبير,Large Insurance,Large scale operation,21
insurance_fintech_activity,insurance_fintech_activity_small,التقنية المالية صغير,Small Fintech,Small scale operation,22
insurance_fintech_activity,insurance_fintech_activity_medium,التقنية المالية متوسط,Medium Fintech,Medium scale operation,23
insurance_fintech_activity,insurance_fintech_activity_large,التقنية المالية كبير,Large Fintech,Large scale operation,24
insurance_investment_activity,insurance_investment_activity_small,الاستثمار صغير,Small Investment,Small scale operation,25
insurance_investment_activity,insurance_investment_activity_medium,الاستثمار متوسط,Medium Investment,Medium scale operation,26
insurance_investment_activity,insurance_investment_activity_large,الاستثمار كبير,Large Investment,Large scale operation,27
awqaf_consulting_activity,awqaf_consulting_activity_small,الاستشارات صغير,Small Consulting,Small scale operation,28
awqaf_consulting_activity,awqaf_consulting_activity_medium,الاستشارات متوسط,Medium Consulting,Medium scale operation,29
awqaf_consulting_activity,awqaf_consulting_activity_large,الاستشارات كبير,Large Consulting,Large scale operation,30
awqaf_maintenance_activity,awqaf_maintenance_activity_small,الصيانة صغير,Small Maintenance,Small scale operation,31
awqaf_maintenance_activity,awqaf_maintenance_activity_medium,الصيانة متوسط,Medium Maintenance,Medium scale operation,32
awqaf_maintenance_activity,awqaf_maintenance_activity_large,الصيانة كبير,Large Maintenance,Large scale operation,33
awqaf_cleaning_activity,awqaf_cleaning_activity_small,النظافة صغير,Small Cleaning Services,Small scale operation,34
awqaf_cleaning_activity,awqaf_cleaning_activity_medium,النظافة متوسط,Medium Cleaning Services,Medium scale operation,35
awqaf_cleaning_activity,awqaf_cleaning_activity_large,النظافة كبير,Large Cleaning Services,Large scale operation,36
awqaf_security_activity,awqaf_security_activity_small,الأمن والحراسة صغير,Small Security Services,Small scale operation,37
awqaf_security_activity,awqaf_security_activity_medium,الأمن والحراسة متوسط,Medium Security Services,Medium scale operation,38
awqaf_security_activity,awqaf_security_activity_large,الأمن والحراسة كبير,Large Security Services,Large scale operation,39
education_schools_activity,education_schools_activity_small,المدارس صغير,Small Schools,Small scale operation,40
education_schools_activity,education_schools_activity_medium,المدارس متوسط,Medium Schools,Medium scale operation,41
education_schools_activity,education_schools_activity_large,المدارس كبير,Large Schools,Large scale operation,42
education_training_activity,education_training_activity_small,مراكز التدريب صغير,Small Training Centers,Small scale operation,43
education_training_activity,education_training_activity_medium,مراكز التدريب متوسط,Medium Training Centers,Medium scale operation,44
education_training_activity,education_training_activity_large,مراكز التدريب كبير,Large Training Centers,Large scale operation,45
education_universities_activity,education_universities_activity_small,الجامعات صغير,Small Universities,Small scale operation,46
education_universities_activity,education_universities_activity_medium,الجامعات متوسط,Medium Universities,Medium scale operation,47
education_universities_activity,education_universities_activity_large,الجامعات كبير,Large Universities,Large scale operation,48
education_elearning_activity,education_elearning_activity_small,التعليم الإلكتروني صغير,Small E-Learning,Small scale operation,49
education_elearning_activity,education_elearning_activity_medium,التعليم الإلكتروني متوسط,Medium E-Learning,Medium scale operation,50
education_elearning_activity,education_elearning_activity_large,التعليم الإلكتروني كبير,Large E-Learning,Large scale operation,51
industrial_factories_activity,industrial_factories_activity_small,المصانع صغير,Small Factories,Small scale operation,52
industrial_factories_activity,industrial_factories_activity_medium,المصانع متوسط,Medium Factories,Medium scale operation,53
industrial_factories_activity,industrial_factories_activity_large,المصانع كبير,Large Factories,Large scale operation,54
industrial_workshops_activity,industrial_workshops_activity_small,الورش صغير,Small Workshops,Small scale operation,55
industrial_workshops_activity,industrial_workshops_activity_medium,الورش متوسط,Medium Workshops,Medium scale operation,56
industrial_workshops_activity,industrial_workshops_activity_large,الورش كبير,Large Workshops,Large scale operation,57
industrial_assembly_activity,industrial_assembly_activity_small,التجميع صغير,Small Assembly,Small scale operation,58
industrial_assembly_activity,industrial_assembly_activity_medium,التجميع متوسط,Medium Assembly,Medium scale operation,59
industrial_assembly_activity,industrial_assembly_activity_large,التجميع كبير,Large Assembly,Large scale operation,60
industrial_packaging_activity,industrial_packaging_activity_small,التعبئة والتغليف صغير,Small Packaging,Small scale operation,61
industrial_packaging_activity,industrial_packaging_activity_medium,التعبئة والتغليف متوسط,Medium Packaging,Medium scale operation,62
industrial_packaging_activity,industrial_packaging_activity_large,التعبئة والتغليف كبير,Large Packaging,Large scale operation,63
food_industries_restaurants_activity,food_industries_restaurants_activity_small,المطاعم صغير,Small Restaurants,Small scale operation,64
food_industries_restaurants_activity,food_industries_restaurants_activity_medium,المطاعم متوسط,Medium Restaurants,Medium scale operation,65
food_industries_restaurants_activity,food_industries_restaurants_activity_large,المطاعم كبير,Large Restaurants,Large scale operation,66
food_industries_cafes_activity,food_industries_cafes_activity_small,المقاهي صغير,Small Cafes,Small scale operation,67
food_industries_cafes_activity,food_industries_cafes_activity_medium,المقاهي متوسط,Medium Cafes,Medium scale operation,68
food_industries_cafes_activity,food_industries_cafes_activity_large,المقاهي كبير,Large Cafes,Large scale operation,69
food_industries_catering_activity,food_industries_catering_activity_small,التموين صغير,Small Catering,Small scale operation,70
food_industries_catering_activity,food_industries_catering_activity_medium,التموين متوسط,Medium Catering,Medium scale operation,71
food_industries_catering_activity,food_industries_catering_activity_large,التموين كبير,Large Catering,Large scale operation,72
food_industries_fast_food_activity,food_industries_fast_food_activity_small,الوجبات السريعة صغير,Small Fast Food,Small scale operation,73
food_industries_fast_food_activity,food_industries_fast_food_activity_medium,الوجبات السريعة متوسط,Medium Fast Food,Medium scale operation,74
food_industries_fast_food_activity,food_industries_fast_food_activity_large,الوجبات السريعة كبير,Large Fast Food,Large scale operation,75
pharmaceutical_industries_consulting_activity,pharmaceutical_industries_consulting_activity_small,الاستشارات صغير,Small Consulting,Small scale operation,76
pharmaceutical_industries_consulting_activity,pharmaceutical_industries_consulting_activity_medium,الاستشارات متوسط,Medium Consulting,Medium scale operation,77
pharmaceutical_industries_consulting_activity,pharmaceutical_industries_consulting_activity_large,الاستشارات كبير,Large Consulting,Large scale operation,78
pharmaceutical_industries_maintenance_activity,pharmaceutical_industries_maintenance_activity_small,الصيانة صغير,Small Maintenance,Small scale operation,79
pharmaceutical_industries_maintenance_activity,pharmaceutical_industries_maintenance_activity_medium,الصيانة متوسط,Medium Maintenance,Medium scale operation,80
pharmaceutical_industries_maintenance_activity,pharmaceutical_industries_maintenance_activity_large,الصيانة كبير,Large Maintenance,Large scale operation,81
pharmaceutical_industries_cleaning_activity,pharmaceutical_industries_cleaning_activity_small,النظافة صغير,Small Cleaning Services,Small scale operation,82
pharmaceutical_industries_cleaning_activity,pharmaceutical_industries_cleaning_activity_medium,النظافة متوسط,Medium Cleaning Services,Medium scale operation,83
pharmaceutical_industries_cleaning_activity,pharmaceutical_industries_cleaning_activity_large,النظافة كبير,Large Cleaning Services,Large scale operation,84
pharmaceutical_industries_security_activity,pharmaceutical_industries_security_activity_small,الأمن والحراسة صغير,Small Security Services,Small scale operation,85
pharmaceutical_industries_security_activity,pharmaceutical_industries_security_activity_medium,الأمن والحراسة متوسط,Medium Security Services,Medium scale operation,86
pharmaceutical_industries_security_activity,pharmaceutical_industries_security_activity_large,الأمن والحراسة كبير,Large Security Services,Large scale operation,87
chemical_industries_consulting_activity,chemical_industries_consulting_activity_small,الاستشارات صغير,Small Consulting,Small scale operation,88
chemical_industries_consulting_activity,chemical_industries_consulting_activity_medium,الاستشارات متوسط,Medium Consulting,Medium scale operation,89
chemical_industries_consulting_activity,chemical_industries_consulting_activity_large,الاستشارات كبير,Large Consulting,Large scale operation,90
chemical_industries_maintenance_activity,chemical_industries_maintenance_activity_small,الصيانة صغير,Small Maintenance,Small scale operation,91
chemical_industries_maintenance_activity,chemical_industries_maintenance_activity_medium,الصيانة متوسط,Medium Maintenance,Medium scale operation,92
chemical_industries_maintenance_activity,chemical_industries_maintenance_activity_large,الصيانة كبير,Large Maintenance,Large scale operation,93
chemical_industries_cleaning_activity,chemical_industries_cleaning_activity_small,النظافة صغير,Small Cleaning Services,Small scale operation,94
chemical_industries_cleaning_activity,chemical_industries_cleaning_activity_medium,النظافة متوسط,Medium Cleaning Services,Medium scale operation,95
chemical_industries_cleaning_activity,chemical_industries_cleaning_activity_large,النظافة كبير,Large Cleaning Services,Large scale operation,96
chemical_industries_security_activity,chemical_industries_security_activity_small,الأمن والحراسة صغير,Small Security Services,Small scale operation,97
chemical_industries_security_activity,chemical_industries_security_activity_medium,الأمن والحراسة متوسط,Medium Security Services,Medium scale operation,98
chemical_industries_security_activity,chemical_industries_security_activity_large,الأمن والحراسة كبير,Large Security Services,Large scale operation,99
mining_consulting_activity,mining_consulting_activity_small,الاستشارات صغير,Small Consulting,Small scale operation,100
mining_consulting_activity,mining_consulting_activity_medium,الاستشارات متوسط,Medium Consulting,Medium scale operation,101
mining_consulting_activity,mining_consulting_activity_large,الاستشارات كبير,Large Consulting,Large scale operation,102
mining_maintenance_activity,mining_maintenance_activity_small,الصيانة صغير,Small Maintenance,Small scale operation,103
mining_maintenance_activity,mining_maintenance_activity_medium,الصيانة متوسط,Medium Maintenance,Medium scale operation,104
mining_maintenance_activity,mining_maintenance_activity_large,الصيانة كبير,Large Maintenance,Large scale operation,105
mining_cleaning_activity,mining_cleaning_activity_small,النظافة صغير,Small Cleaning Services,Small scale operation,106
mining_cleaning_activity,mining_cleaning_activity_medium,النظافة متوسط,Medium Cleaning Services,Medium scale operation,107
mining_cleaning_activity,mining_cleaning_activity_large,النظافة كبير,Large Cleaning Services,Large scale operation,108
mining_security_activity,mining_security_activity_small,الأمن والحراسة صغير,Small Security Services,Small scale operation,109
mining_security_activity,mining_security_activity_medium,الأمن والحراسة متوسط,Medium Security Services,Medium scale operation,110
mining_security_activity,mining_security_activity_large,الأمن والحراسة كبير,Large Security Services,Large scale operation,111
geology_consulting_activity,geology_consulting_activity_small,الاستشارات صغير,Small Consulting,Small scale operation,112
geology_consulting_activity,geology_consulting_activity_medium,الاستشارات متوسط,Medium Consulting,Medium scale operation,113
geology_consulting_activity,geology_consulting_activity_large,الاستشارات كبير,Large Consulting,Large scale operation,114
geology_maintenance_activity,geology_maintenance_activity_small,الصيانة صغير,Small Maintenance,Small scale operation,115
geology_maintenance_activity,geology_maintenance_activity_medium,الصيانة متوسط,Medium Maintenance,Medium scale operation,116
geology_maintenance_activity,geology_maintenance_activity_large,الصيانة كبير,Large Maintenance,Large scale operation,117
geology_cleaning_activity,geology_cleaning_activity_small,النظافة صغير,Small Cleaning Services,Small scale operation,118
geology_cleaning_activity,geology_cleaning_activity_medium,النظافة متوسط,Medium Cleaning Services,Medium scale operation,119
geology_cleaning_activity,geology_cleaning_activity_large,النظافة كبير,Large Cleaning Services,Large scale operation,120
geology_security_activity,geology_security_activity_small,الأمن والحراسة صغير,Small Security Services,Small scale operation,121
geology_security_activity,geology_security_activity_medium,الأمن والحراسة متوسط,Medium Security Services,Medium scale operation,122
geology_security_activity,geology_security_activity_large,الأمن والحراسة كبير,Large Security Services,Large scale operation,123
oil_gas_renewable_activity,oil_gas_renewable_activity_small,الطاقة المتجددة صغير,Small Renewable Energy,Small scale operation,124
oil_gas_renewable_activity,oil_gas_renewable_activity_medium,الطاقة المتجددة متوسط,Medium Renewable Energy,Medium scale operation,125
oil_gas_renewable_activity,oil_gas_renewable_activity_large,الطاقة المتجددة كبير,Large Renewable Energy,Large scale operation,126
oil_gas_oil_gas_activity,oil_gas_oil_gas_activity_small,النفط والغاز صغير,Small Oil & Gas,Small scale operation,127
oil_gas_oil_gas_activity,oil_gas_oil_gas_activity_medium,النفط والغاز متوسط,Medium Oil & Gas,Medium scale operation,128
oil_gas_oil_gas_activity,oil_gas_oil_gas_activity_large,النفط والغاز كبير,Large Oil & Gas,Large scale operation,129
oil_gas_utilities_activity,oil_gas_utilities_activity_small,الخدمات العامة صغير,Small Utilities,Small scale operation,130
oil_gas_utilities_activity,oil_gas_utilities_activity_medium,الخدمات العامة متوسط,Medium Utilities,Medium scale operation,131
oil_gas_utilities_activity,oil_gas_utilities_activity_large,الخدمات العامة كبير,Large Utilities,Large scale operation,132
oil_gas_efficiency_activity,oil_gas_efficiency_activity_small,كفاءة الطاقة صغير,Small Energy Efficiency,Small scale operation,133
oil_gas_efficiency_activity,oil_gas_efficiency_activity_medium,كفاءة الطاقة متوسط,Medium Energy Efficiency,Medium scale operation,134
oil_gas_efficiency_activity,oil_gas_efficiency_activity_large,كفاءة الطاقة كبير,Large Energy Efficiency,Large scale operation,135
oil_refineries_renewable_activity,oil_refineries_renewable_activity_small,الطاقة المتجددة صغير,Small Renewable Energy,Small scale operation,136
oil_refineries_renewable_activity,oil_refineries_renewable_activity_medium,الطاقة المتجددة متوسط,Medium Renewable Energy,Medium scale operation,137
oil_refineries_renewable_activity,oil_refineries_renewable_activity_large,الطاقة المتجددة كبير,Large Renewable Energy,Large scale operation,138
oil_refineries_oil_gas_activity,oil_refineries_oil_gas_activity_small,النفط والغاز صغير,Small Oil & Gas,Small scale operation,139
oil_refineries_oil_gas_activity,oil_refineries_oil_gas_activity_medium,النفط والغاز متوسط,Medium Oil & Gas,Medium scale operation,140
oil_refineries_oil_gas_activity,oil_refineries_oil_gas_activity_large,النفط والغاز كبير,Large Oil & Gas,Large scale operation,141
oil_refineries_utilities_activity,oil_refineries_utilities_activity_small,الخدمات العامة صغير,Small Utilities,Small scale operation,142
oil_refineries_utilities_activity,oil_refineries_utilities_activity_medium,الخدمات العامة متوسط,Medium Utilities,Medium scale operation,143
oil_refineries_utilities_activity,oil_refineries_utilities_activity_large,الخدمات العامة كبير,Large Utilities,Large scale operation,144
oil_refineries_efficiency_activity,oil_refineries_efficiency_activity_small,كفاءة الطاقة صغير,Small Energy Efficiency,Small scale operation,145
oil_refineries_efficiency_activity,oil_refineries_efficiency_activity_medium,كفاءة الطاقة متوسط,Medium Energy Efficiency,Medium scale operation,146
oil_refineries_efficiency_activity,oil_refineries_efficiency_activity_large,كفاءة الطاقة كبير,Large Energy Efficiency,Large scale operation,147
metal_refineries_consulting_activity,metal_refineries_consulting_activity_small,الاستشارات صغير,Small Consulting,Small scale operation,148
metal_refineries_consulting_activity,metal_refineries_consulting_activity_medium,الاستشارات متوسط,Medium Consulting,Medium scale operation,149
metal_refineries_consulting_activity,metal_refineries_consulting_activity_large,الاستشارات كبير,Large Consulting,Large scale operation,150
metal_refineries_maintenance_activity,metal_refineries_maintenance_activity_small,الصيانة صغير,Small Maintenance,Small scale operation,151
metal_refineries_maintenance_activity,metal_refineries_maintenance_activity_medium,الصيانة متوسط,Medium Maintenance,Medium scale operation,152
metal_refineries_maintenance_activity,metal_refineries_maintenance_activity_large,الصيانة كبير,Large Maintenance,Large scale operation,153
metal_refineries_cleaning_activity,metal_refineries_cleaning_activity_small,النظافة صغير,Small Cleaning Services,Small scale operation,154
metal_refineries_cleaning_activity,metal_refineries_cleaning_activity_medium,النظافة متوسط,Medium Cleaning Services,Medium scale operation,155
metal_refineries_cleaning_activity,metal_refineries_cleaning_activity_large,النظافة كبير,Large Cleaning Services,Large scale operation,156
metal_refineries_security_activity,metal_refineries_security_activity_small,الأمن والحراسة صغير,Small Security Services,Small scale operation,157
metal_refineries_security_activity,metal_refineries_security_activity_medium,الأمن والحراسة متوسط,Medium Security Services,Medium scale operation,158
metal_refineries_security_activity,metal_refineries_security_activity_large,الأمن والحراسة كبير,Large Security Services,Large scale operation,159
water_consulting_activity,water_consulting_activity_small,الاستشارات صغير,Small Consulting,Small scale operation,160
water_consulting_activity,water_consulting_activity_medium,الاستشارات متوسط,Medium Consulting,Medium scale operation,161
water_consulting_activity,water_consulting_activity_large,الاستشارات كبير,Large Consulting,Large scale operation,162
water_maintenance_activity,water_maintenance_activity_small,الصيانة صغير,Small Maintenance,Small scale operation,163
water_maintenance_activity,water_maintenance_activity_medium,الصيانة متوسط,Medium Maintenance,Medium scale operation,164
water_maintenance_activity,water_maintenance_activity_large,الصيانة كبير,Large Maintenance,Large scale operation,165
water_cleaning_activity,water_cleaning_activity_small,النظافة صغير,Small Cleaning Services,Small scale operation,166
water_cleaning_activity,water_cleaning_activity_medium,النظافة متوسط,Medium Cleaning Services,Medium scale operation,167
water_cleaning_activity,water_cleaning_activity_large,النظافة كبير,Large Cleaning Services,Large scale operation,168
water_security_activity,water_security_activity_small,الأمن والحراسة صغير,Small Security Services,Small scale operation,169
water_security_activity,water_security_activity_medium,الأمن والحراسة متوسط,Medium Security Services,Medium scale operation,170
water_security_activity,water_security_activity_large,الأمن والحراسة كبير,Large Security Services,Large scale operation,171
well_drilling_consulting_activity,well_drilling_consulting_activity_small,الاستشارات صغير,Small Consulting,Small scale operation,172
well_drilling_consulting_activity,well_drilling_consulting_activity_medium,الاستشارات متوسط,Medium Consulting,Medium scale operation,173
well_drilling_consulting_activity,well_drilling_consulting_activity_large,الاستشارات كبير,Large Consulting,Large scale operation,174
well_drilling_maintenance_activity,well_drilling_maintenance_activity_small,الصيانة صغير,Small Maintenance,Small scale operation,175
well_drilling_maintenance_activity,well_drilling_maintenance_activity_medium,الصيانة متوسط,Medium Maintenance,Medium scale operation,176
well_drilling_maintenance_activity,well_drilling_maintenance_activity_large,الصيانة كبير,Large Maintenance,Large scale operation,177
well_drilling_cleaning_activity,well_drilling_cleaning_activity_small,النظافة صغير,Small Cleaning Services,Small scale operation,178
well_drilling_cleaning_activity,well_drilling_cleaning_activity_medium,النظافة متوسط,Medium Cleaning Services,Medium scale operation,179
well_drilling_cleaning_activity,well_drilling_cleaning_activity_large,النظافة كبير,Large Cleaning Services,Large scale operation,180
well_drilling_security_activity,well_drilling_security_activity_small,الأمن والحراسة صغير,Small Security Services,Small scale operation,181
well_drilling_security_activity,well_drilling_security_activity_medium,الأمن والحراسة متوسط,Medium Security Services,Medium scale operation,182
well_drilling_security_activity,well_drilling_security_activity_large,الأمن والحراسة كبير,Large Security Services,Large scale operation,183
agriculture_farming_activity,agriculture_farming_activity_small,الزراعة صغير,Small Farming,Small scale operation,184
agriculture_farming_activity,agriculture_farming_activity_medium,الزراعة متوسط,Medium Farming,Medium scale operation,185
agriculture_farming_activity,agriculture_farming_activity_large,الزراعة كبير,Large Farming,Large scale operation,186
agriculture_livestock_activity,agriculture_livestock_activity_small,تربية الحيوان صغير,Small Livestock,Small scale operation,187
agriculture_livestock_activity,agriculture_livestock_activity_medium,تربية الحيوان متوسط,Medium Livestock,Medium scale operation,188
agriculture_livestock_activity,agriculture_livestock_activity_large,تربية الحيوان كبير,Large Livestock,Large scale operation,189
agriculture_processing_activity,agriculture_processing_activity_small,تجهيز المنتجات صغير,Small Processing,Small scale operation,190
agriculture_processing_activity,agriculture_processing_activity_medium,تجهيز المنتجات متوسط,Medium Processing,Medium scale operation,191
agriculture_processing_activity,agriculture_processing_activity_large,تجهيز المنتجات كبير,Large Processing,Large scale operation,192
agriculture_distribution_activity,agriculture_distribution_activity_small,التوزيع صغير,Small Distribution,Small scale operation,193
agriculture_distribution_activity,agriculture_distribution_activity_medium,التوزيع متوسط,Medium Distribution,Medium scale operation,194
agriculture_distribution_activity,agriculture_distribution_activity_large,التوزيع كبير,Large Distribution,Large scale operation,195
agricultural_inputs_farming_activity,agricultural_inputs_farming_activity_small,الزراعة صغير,Small Farming,Small scale operation,196
agricultural_inputs_farming_activity,agricultural_inputs_farming_activity_medium,الزراعة متوسط,Medium Farming,Medium scale operation,197
agricultural_inputs_farming_activity,agricultural_inputs_farming_activity_large,الزراعة كبير,Large Farming,Large scale operation,198
agricultural_inputs_livestock_activity,agricultural_inputs_livestock_activity_small,تربية الحيوان صغير,Small Livestock,Small scale operation,199
agricultural_inputs_livestock_activity,agricultural_inputs_livestock_activity_medium,تربية الحيوان متوسط,Medium Livestock,Medium scale operation,200
agricultural_inputs_livestock_activity,agricultural_inputs_livestock_activity_large,تربية الحيوان كبير,Large Livestock,Large scale operation,201
agricultural_inputs_processing_activity,agricultural_inputs_processing_activity_small,تجهيز المنتجات صغير,Small Processing,Small scale operation,202
agricultural_inputs_processing_activity,agricultural_inputs_processing_activity_medium,تجهيز المنتجات متوسط,Medium Processing,Medium scale operation,203
agricultural_inputs_processing_activity,agricultural_inputs_processing_activity_large,تجهيز المنتجات كبير,Large Processing,Large scale operation,204
agricultural_inputs_distribution_activity,agricultural_inputs_distribution_activity_small,التوزيع صغير,Small Distribution,Small scale operation,205
agricultural_inputs_distribution_activity,agricultural_inputs_distribution_activity_medium,التوزيع متوسط,Medium Distribution,Medium scale operation,206
agricultural_inputs_distribution_activity,agricultural_inputs_distribution_activity_large,التوزيع كبير,Large Distribution,Large scale operation,207
desertification_control_consulting_activity,desertification_control_consulting_activity_small,الاستشارات صغير,Small Consulting,Small scale operation,208
desertification_control_consulting_activity,desertification_control_consulting_activity_medium,الاستشارات متوسط,Medium Consulting,Medium scale operation,209
desertification_control_consulting_activity,desertification_control_consulting_activity_large,الاستشارات كبير,Large Consulting,Large scale operation,210
desertification_control_maintenance_activity,desertification_control_maintenance_activity_small,الصيانة صغير,Small Maintenance,Small scale operation,211
desertification_control_maintenance_activity,desertification_control_maintenance_activity_medium,الصيانة متوسط,Medium Maintenance,Medium scale operation,212
desertification_control_maintenance_activity,desertification_control_maintenance_activity_large,الصيانة كبير,Large Maintenance,Large scale operation,213
desertification_control_cleaning_activity,desertification_control_cleaning_activity_small,النظافة صغير,Small Cleaning Services,Small scale operation,214
desertification_control_cleaning_activity,desertification_control_cleaning_activity_medium,النظافة متوسط,Medium Cleaning Services,Medium scale operation,215
desertification_control_cleaning_activity,desertification_control_cleaning_activity_large,النظافة كبير,Large Cleaning Services,Large scale operation,216
desertification_control_security_activity,desertification_control_security_activity_small,الأمن والحراسة صغير,Small Security Services,Small scale operation,217
desertification_control_security_activity,desertification_control_security_activity_medium,الأمن والحراسة متوسط,Medium Security Services,Medium scale operation,218
desertification_control_security_activity,desertification_control_security_activity_large,الأمن والحراسة كبير,Large Security Services,Large scale operation,219
livestock_farming_activity,livestock_farming_activity_small,الزراعة صغير,Small Farming,Small scale operation,220
livestock_farming_activity,livestock_farming_activity_medium,الزراعة متوسط,Medium Farming,Medium scale operation,221
livestock_farming_activity,livestock_farming_activity_large,الزراعة كبير,Large Farming,Large scale operation,222
livestock_livestock_activity,livestock_livestock_activity_small,تربية الحيوان صغير,Small Livestock,Small scale operation,223
livestock_livestock_activity,livestock_livestock_activity_medium,تربية الحيوان متوسط,Medium Livestock,Medium scale operation,224
livestock_livestock_activity,livestock_livestock_activity_large,تربية الحيوان كبير,Large Livestock,Large scale operation,225
livestock_processing_activity,livestock_processing_activity_small,تجهيز المنتجات صغير,Small Processing,Small scale operation,226
livestock_processing_activity,livestock_processing_activity_medium,تجهيز المنتجات متوسط,Medium Processing,Medium scale operation,227
livestock_processing_activity,livestock_processing_activity_large,تجهيز المنتجات كبير,Large Processing,Large scale operation,228
livestock_distribution_activity,livestock_distribution_activity_small,التوزيع صغير,Small Distribution,Small scale operation,229
livestock_distribution_activity,livestock_distribution_activity_medium,التوزيع متوسط,Medium Distribution,Medium scale operation,230
livestock_distribution_activity,livestock_distribution_activity_large,التوزيع كبير,Large Distribution,Large scale operation,231
poultry_consulting_activity,poultry_consulting_activity_small,الاستشارات صغير,Small Consulting,Small scale operation,232
poultry_consulting_activity,poultry_consulting_activity_medium,الاستشارات متوسط,Medium Consulting,Medium scale operation,233
poultry_consulting_activity,poultry_consulting_activity_large,الاستشارات كبير,Large Consulting,Large scale operation,234
poultry_maintenance_activity,poultry_maintenance_activity_small,الصيانة صغير,Small Maintenance,Small scale operation,235
poultry_maintenance_activity,poultry_maintenance_activity_medium,الصيانة متوسط,Medium Maintenance,Medium scale operation,236
poultry_maintenance_activity,poultry_maintenance_activity_large,الصيانة كبير,Large Maintenance,Large scale operation,237
poultry_cleaning_activity,poultry_cleaning_activity_small,النظافة صغير,Small Cleaning Services,Small scale operation,238
poultry_cleaning_activity,poultry_cleaning_activity_medium,النظافة متوسط,Medium Cleaning Services,Medium scale operation,239
poultry_cleaning_activity,poultry_cleaning_activity_large,النظافة كبير,Large Cleaning Services,Large scale operation,240
poultry_security_activity,poultry_security_activity_small,الأمن والحراسة صغير,Small Security Services,Small scale operation,241
poultry_security_activity,poultry_security_activity_medium,الأمن والحراسة متوسط,Medium Security Services,Medium scale operation,242
poultry_security_activity,poultry_security_activity_large,الأمن والحراسة كبير,Large Security Services,Large scale operation,243
fisheries_consulting_activity,fisheries_consulting_activity_small,الاستشارات صغير,Small Consulting,Small scale operation,244
fisheries_consulting_activity,fisheries_consulting_activity_medium,الاستشارات متوسط,Medium Consulting,Medium scale operation,245
fisheries_consulting_activity,fisheries_consulting_activity_large,الاستشارات كبير,Large Consulting,Large scale operation,246
fisheries_maintenance_activity,fisheries_maintenance_activity_small,الصيانة صغير,Small Maintenance,Small scale operation,247
fisheries_maintenance_activity,fisheries_maintenance_activity_medium,الصيانة متوسط,Medium Maintenance,Medium scale operation,248
fisheries_maintenance_activity,fisheries_maintenance_activity_large,الصيانة كبير,Large Maintenance,Large scale operation,249
fisheries_cleaning_activity,fisheries_cleaning_activity_small,النظافة صغير,Small Cleaning Services,Small scale operation,250
fisheries_cleaning_activity,fisheries_cleaning_activity_medium,النظافة متوسط,Medium Cleaning Services,Medium scale operation,251
fisheries_cleaning_activity,fisheries_cleaning_activity_large,النظافة كبير,Large Cleaning Services,Large scale operation,252
fisheries_security_activity,fisheries_security_activity_small,الأمن والحراسة صغير,Small Security Services,Small scale operation,253
fisheries_security_activity,fisheries_security_activity_medium,الأمن والحراسة متوسط,Medium Security Services,Medium scale operation,254
fisheries_security_activity,fisheries_security_activity_large,الأمن والحراسة كبير,Large Security Services,Large scale operation,255
real_estate_residential_activity,real_estate_residential_activity_small,السكني صغير,Small Residential,Small scale operation,256
real_estate_residential_activity,real_estate_residential_activity_medium,السكني متوسط,Medium Residential,Medium scale operation,257
real_estate_residential_activity,real_estate_residential_activity_large,السكني كبير,Large Residential,Large scale operation,258
real_estate_commercial_activity,real_estate_commercial_activity_small,التجاري صغير,Small Commercial,Small scale operation,259
real_estate_commercial_activity,real_estate_commercial_activity_medium,التجاري متوسط,Medium Commercial,Medium scale operation,260
real_estate_commercial_activity,real_estate_commercial_activity_large,التجاري كبير,Large Commercial,Large scale operation,261
real_estate_industrial_activity,real_estate_industrial_activity_small,الصناعي صغير,Small Industrial,Small scale operation,262
real_estate_industrial_activity,real_estate_industrial_activity_medium,الصناعي متوسط,Medium Industrial,Medium scale operation,263
real_estate_industrial_activity,real_estate_industrial_activity_large,الصناعي كبير,Large Industrial,Large scale operation,264
real_estate_brokerage_activity,real_estate_brokerage_activity_small,الوساطة العقارية صغير,Small Real Estate Brokerage,Small scale operation,265
real_estate_brokerage_activity,real_estate_brokerage_activity_medium,الوساطة العقارية متوسط,Medium Real Estate Brokerage,Medium scale operation,266
real_estate_brokerage_activity,real_estate_brokerage_activity_large,الوساطة العقارية كبير,Large Real Estate Brokerage,Large scale operation,267
contracting_consulting_activity,contracting_consulting_activity_small,الاستشارات صغير,Small Consulting,Small scale operation,268
contracting_consulting_activity,contracting_consulting_activity_medium,الاستشارات متوسط,Medium Consulting,Medium scale operation,269
contracting_consulting_activity,contracting_consulting_activity_large,الاستشارات كبير,Large Consulting,Large scale operation,270
contracting_maintenance_activity,contracting_maintenance_activity_small,الصيانة صغير,Small Maintenance,Small scale operation,271
contracting_maintenance_activity,contracting_maintenance_activity_medium,الصيانة متوسط,Medium Maintenance,Medium scale operation,272
contracting_maintenance_activity,contracting_maintenance_activity_large,الصيانة كبير,Large Maintenance,Large scale operation,273
contracting_cleaning_activity,contracting_cleaning_activity_small,النظافة صغير,Small Cleaning Services,Small scale operation,274
contracting_cleaning_activity,contracting_cleaning_activity_medium,النظافة متوسط,Medium Cleaning Services,Medium scale operation,275
contracting_cleaning_activity,contracting_cleaning_activity_large,النظافة كبير,Large Cleaning Services,Large scale operation,276
contracting_security_activity,contracting_security_activity_small,الأمن والحراسة صغير,Small Security Services,Small scale operation,277
contracting_security_activity,contracting_security_activity_medium,الأمن والحراسة متوسط,Medium Security Services,Medium scale operation,278
contracting_security_activity,contracting_security_activity_large,الأمن والحراسة كبير,Large Security Services,Large scale operation,279
industrial_cities_factories_activity,industrial_cities_factories_activity_small,المصانع صغير,Small Factories,Small scale operation,280
industrial_cities_factories_activity,industrial_cities_factories_activity_medium,المصانع متوسط,Medium Factories,Medium scale operation,281
industrial_cities_factories_activity,industrial_cities_factories_activity_large,المصانع كبير,Large Factories,Large scale operation,282
industrial_cities_workshops_activity,industrial_cities_workshops_activity_small,الورش صغير,Small Workshops,Small scale operation,283
industrial_cities_workshops_activity,industrial_cities_workshops_activity_medium,الورش متوسط,Medium Workshops,Medium scale operation,284
industrial_cities_workshops_activity,industrial_cities_workshops_activity_large,الورش كبير,Large Workshops,Large scale operation,285
industrial_cities_assembly_activity,industrial_cities_assembly_activity_small,التجميع صغير,Small Assembly,Small scale operation,286
industrial_cities_assembly_activity,industrial_cities_assembly_activity_medium,التجميع متوسط,Medium Assembly,Medium scale operation,287
industrial_cities_assembly_activity,industrial_cities_assembly_activity_large,التجميع كبير,Large Assembly,Large scale operation,288
industrial_cities_packaging_activity,industrial_cities_packaging_activity_small,التعبئة والتغليف صغير,Small Packaging,Small scale operation,289
industrial_cities_packaging_activity,industrial_cities_packaging_activity_medium,التعبئة والتغليف متوسط,Medium Packaging,Medium scale operation,290
industrial_cities_packaging_activity,industrial_cities_packaging_activity_large,التعبئة والتغليف كبير,Large Packaging,Large scale operation,291
logistics_transport_activity,logistics_transport_activity_small,النقل صغير,Small Transport,Small scale operation,292
logistics_transport_activity,logistics_transport_activity_medium,النقل متوسط,Medium Transport,Medium scale operation,293
logistics_transport_activity,logistics_transport_activity_large,النقل كبير,Large Transport,Large scale operation,294
logistics_warehousing_activity,logistics_warehousing_activity_small,التخزين صغير,Small Warehousing,Small scale operation,295
logistics_warehousing_activity,logistics_warehousing_activity_medium,التخزين متوسط,Medium Warehousing,Medium scale operation,296
logistics_warehousing_activity,logistics_warehousing_activity_large,التخزين كبير,Large Warehousing,Large scale operation,297
logistics_shipping_activity,logistics_shipping_activity_small,الشحن صغير,Small Shipping,Small scale operation,298
logistics_shipping_activity,logistics_shipping_activity_medium,الشحن متوسط,Medium Shipping,Medium scale operation,299
logistics_shipping_activity,logistics_shipping_activity_large,الشحن كبير,Large Shipping,Large scale operation,300
logistics_last_mile_activity,logistics_last_mile_activity_small,التوصيل الأخير صغير,Small Last Mile Delivery,Small scale operation,301
logistics_last_mile_activity,logistics_last_mile_activity_medium,التوصيل الأخير متوسط,Medium Last Mile Delivery,Medium scale operation,302
logistics_last_mile_activity,logistics_last_mile_activity_large,التوصيل الأخير كبير,Large Last Mile Delivery,Large scale operation,303
dry_warehouses_transport_activity,dry_warehouses_transport_activity_small,النقل صغير,Small Transport,Small scale operation,304
dry_warehouses_transport_activity,dry_warehouses_transport_activity_medium,النقل متوسط,Medium Transport,Medium scale operation,305
dry_warehouses_transport_activity,dry_warehouses_transport_activity_large,النقل كبير,Large Transport,Large scale operation,306
dry_warehouses_warehousing_activity,dry_warehouses_warehousing_activity_small,التخزين صغير,Small Warehousing,Small scale operation,307
dry_warehouses_warehousing_activity,dry_warehouses_warehousing_activity_medium,التخزين متوسط,Medium Warehousing,Medium scale operation,308
dry_warehouses_warehousing_activity,dry_warehouses_warehousing_activity_large,التخزين كبير,Large Warehousing,Large scale operation,309
dry_warehouses_shipping_activity,dry_warehouses_shipping_activity_small,الشحن صغير,Small Shipping,Small scale operation,310
dry_warehouses_shipping_activity,dry_warehouses_shipping_activity_medium,الشحن متوسط,Medium Shipping,Medium scale operation,311
dry_warehouses_shipping_activity,dry_warehouses_shipping_activity_large,الشحن كبير,Large Shipping,Large scale operation,312
dry_warehouses_last_mile_activity,dry_warehouses_last_mile_activity_small,التوصيل الأخير صغير,Small Last Mile Delivery,Small scale operation,313
dry_warehouses_last_mile_activity,dry_warehouses_last_mile_activity_medium,التوصيل الأخير متوسط,Medium Last Mile Delivery,Medium scale operation,314
dry_warehouses_last_mile_activity,dry_warehouses_last_mile_activity_large,التوصيل الأخير كبير,Large Last Mile Delivery,Large scale operation,315
cold_warehouses_transport_activity,cold_warehouses_transport_activity_small,النقل صغير,Small Transport,Small scale operation,316
cold_warehouses_transport_activity,cold_warehouses_transport_activity_medium,النقل متوسط,Medium Transport,Medium scale operation,317
cold_warehouses_transport_activity,cold_warehouses_transport_activity_large,النقل كبير,Large Transport,Large scale operation,318
cold_warehouses_warehousing_activity,cold_warehouses_warehousing_activity_small,التخزين صغير,Small Warehousing,Small scale operation,319
cold_warehouses_warehousing_activity,cold_warehouses_warehousing_activity_medium,التخزين متوسط,Medium Warehousing,Medium scale operation,320
cold_warehouses_warehousing_activity,cold_warehouses_warehousing_activity_large,التخزين كبير,Large Warehousing,Large scale operation,321
cold_warehouses_shipping_activity,cold_warehouses_shipping_activity_small,الشحن صغير,Small Shipping,Small scale operation,322
cold_warehouses_shipping_activity,cold_warehouses_shipping_activity_medium,الشحن متوسط,Medium Shipping,Medium scale operation,323
cold_warehouses_shipping_activity,cold_warehouses_shipping_activity_large,الشحن كبير,Large Shipping,Large scale operation,324
cold_warehouses_last_mile_activity,cold_warehouses_last_mile_activity_small,التوصيل الأخير صغير,Small Last Mile Delivery,Small scale operation,325
cold_warehouses_last_mile_activity,cold_warehouses_last_mile_activity_medium,التوصيل الأخير متوسط,Medium Last Mile Delivery,Medium scale operation,326
cold_warehouses_last_mile_activity,cold_warehouses_last_mile_activity_large,التوصيل الأخير كبير,Large Last Mile Delivery,Large scale operation,327
transport_transport_activity,transport_transport_activity_small,النقل صغير,Small Transport,Small scale operation,328
transport_transport_activity,transport_transport_activity_medium,النقل متوسط,Medium Transport,Medium scale operation,329
transport_transport_activity,transport_transport_activity_large,النقل كبير,Large Transport,Large scale operation,330
transport_warehousing_activity,transport_warehousing_activity_small,التخزين صغير,Small Warehousing,Small scale operation,331
transport_warehousing_activity,transport_warehousing_activity_medium,التخزين متوسط,Medium Warehousing,Medium scale operation,332
transport_warehousing_activity,transport_warehousing_activity_large,التخزين كبير,Large Warehousing,Large scale operation,333
transport_shipping_activity,transport_shipping_activity_small,الشحن صغير,Small Shipping,Small scale operation,334
transport_shipping_activity,transport_shipping_activity_medium,الشحن متوسط,Medium Shipping,Medium scale operation,335
transport_shipping_activity,transport_shipping_activity_large,الشحن كبير,Large Shipping,Large scale operation,336
transport_last_mile_activity,transport_last_mile_activity_small,التوصيل الأخير صغير,Small Last Mile Delivery,Small scale operation,337
transport_last_mile_activity,transport_last_mile_activity_medium,التوصيل الأخير متوسط,Medium Last Mile Delivery,Medium scale operation,338
transport_last_mile_activity,transport_last_mile_activity_large,التوصيل الأخير كبير,Large Last Mile Delivery,Large scale operation,339
ports_consulting_activity,ports_consulting_activity_small,الاستشارات صغير,Small Consulting,Small scale operation,340
ports_consulting_activity,ports_consulting_activity_medium,الاستشارات متوسط,Medium Consulting,Medium scale operation,341
ports_consulting_activity,ports_consulting_activity_large,الاستشارات كبير,Large Consulting,Large scale operation,342
ports_maintenance_activity,ports_maintenance_activity_small,الصيانة صغير,Small Maintenance,Small scale operation,343
ports_maintenance_activity,ports_maintenance_activity_medium,الصيانة متوسط,Medium Maintenance,Medium scale operation,344
ports_maintenance_activity,ports_maintenance_activity_large,الصيانة كبير,Large Maintenance,Large scale operation,345
ports_cleaning_activity,ports_cleaning_activity_small,النظافة صغير,Small Cleaning Services,Small scale operation,346
ports_cleaning_activity,ports_cleaning_activity_medium,النظافة متوسط,Medium Cleaning Services,Medium scale operation,347
ports_cleaning_activity,ports_cleaning_activity_large,النظافة كبير,Large Cleaning Services,Large scale operation,348
ports_security_activity,ports_security_activity_small,الأمن والحراسة صغير,Small Security Services,Small scale operation,349
ports_security_activity,ports_security_activity_medium,الأمن والحراسة متوسط,Medium Security Services,Medium scale operation,350
ports_security_activity,ports_security_activity_large,الأمن والحراسة كبير,Large Security Services,Large scale operation,351
aviation_consulting_activity,aviation_consulting_activity_small,الاستشارات صغير,Small Consulting,Small scale operation,352
aviation_consulting_activity,aviation_consulting_activity_medium,الاستشارات متوسط,Medium Consulting,Medium scale operation,353
aviation_consulting_activity,aviation_consulting_activity_large,الاستشارات كبير,Large Consulting,Large scale operation,354
aviation_maintenance_activity,aviation_maintenance_activity_small,الصيانة صغير,Small Maintenance,Small scale operation,355
aviation_maintenance_activity,aviation_maintenance_activity_medium,الصيانة متوسط,Medium Maintenance,Medium scale operation,356
aviation_maintenance_activity,aviation_maintenance_activity_large,الصيانة كبير,Large Maintenance,Large scale operation,357
aviation_cleaning_activity,aviation_cleaning_activity_small,النظافة صغير,Small Cleaning Services,Small scale operation,358
aviation_cleaning_activity,aviation_cleaning_activity_medium,النظافة متوسط,Medium Cleaning Services,Medium scale operation,359
aviation_cleaning_activity,aviation_cleaning_activity_large,النظافة كبير,Large Cleaning Services,Large scale operation,360
aviation_security_activity,aviation_security_activity_small,الأمن والحراسة صغير,Small Security Services,Small scale operation,361
aviation_security_activity,aviation_security_activity_medium,الأمن والحراسة متوسط,Medium Security Services,Medium scale operation,362
aviation_security_activity,aviation_security_activity_large,الأمن والحراسة كبير,Large Security Services,Large scale operation,363
private_aviation_consulting_activity,private_aviation_consulting_activity_small,الاستشارات صغير,Small Consulting,Small scale operation,364
private_aviation_consulting_activity,private_aviation_consulting_activity_medium,الاستشارات متوسط,Medium Consulting,Medium scale operation,365
private_aviation_consulting_activity,private_aviation_consulting_activity_large,الاستشارات كبير,Large Consulting,Large scale operation,366
private_aviation_maintenance_activity,private_aviation_maintenance_activity_small,الصيانة صغير,Small Maintenance,Small scale operation,367
private_aviation_maintenance_activity,private_aviation_maintenance_activity_medium,الصيانة متوسط,Medium Maintenance,Medium scale operation,368
private_aviation_maintenance_activity,private_aviation_maintenance_activity_large,الصيانة كبير,Large Maintenance,Large scale operation,369
private_aviation_cleaning_activity,private_aviation_cleaning_activity_small,النظافة صغير,Small Cleaning Services,Small scale operation,370
private_aviation_cleaning_activity,private_aviation_cleaning_activity_medium,النظافة متوسط,Medium Cleaning Services,Medium scale operation,371
private_aviation_cleaning_activity,private_aviation_cleaning_activity_large,النظافة كبير,Large Cleaning Services,Large scale operation,372
private_aviation_security_activity,private_aviation_security_activity_small,الأمن والحراسة صغير,Small Security Services,Small scale operation,373
private_aviation_security_activity,private_aviation_security_activity_medium,الأمن والحراسة متوسط,Medium Security Services,Medium scale operation,374
private_aviation_security_activity,private_aviation_security_activity_large,الأمن والحراسة كبير,Large Security Services,Large scale operation,375
hajj_umrah_consulting_activity,hajj_umrah_consulting_activity_small,الاستشارات صغير,Small Consulting,Small scale operation,376
hajj_umrah_consulting_activity,hajj_umrah_consulting_activity_medium,الاستشارات متوسط,Medium Consulting,Medium scale operation,377
hajj_umrah_consulting_activity,hajj_umrah_consulting_activity_large,الاستشارات كبير,Large Consulting,Large scale operation,378
hajj_umrah_maintenance_activity,hajj_umrah_maintenance_activity_small,الصيانة صغير,Small Maintenance,Small scale operation,379
hajj_umrah_maintenance_activity,hajj_umrah_maintenance_activity_medium,الصيانة متوسط,Medium Maintenance,Medium scale operation,380
hajj_umrah_maintenance_activity,hajj_umrah_maintenance_activity_large,الصيانة كبير,Large Maintenance,Large scale operation,381
hajj_umrah_cleaning_activity,hajj_umrah_cleaning_activity_small,النظافة صغير,Small Cleaning Services,Small scale operation,382
hajj_umrah_cleaning_activity,hajj_umrah_cleaning_activity_medium,النظافة متوسط,Medium Cleaning Services,Medium scale operation,383
hajj_umrah_cleaning_activity,hajj_umrah_cleaning_activity_large,النظافة كبير,Large Cleaning Services,Large scale operation,384
hajj_umrah_security_activity,hajj_umrah_security_activity_small,الأمن والحراسة صغير,Small Security Services,Small scale operation,385
hajj_umrah_security_activity,hajj_umrah_security_activity_medium,الأمن والحراسة متوسط,Medium Security Services,Medium scale operation,386
hajj_umrah_security_activity,hajj_umrah_security_activity_large,الأمن والحراسة كبير,Large Security Services,Large scale operation,387
tourism_events_activity,tourism_events_activity_small,الفعاليات صغير,Small Events,Small scale operation,388
tourism_events_activity,tourism_events_activity_medium,الفعاليات متوسط,Medium Events,Medium scale operation,389
tourism_events_activity,tourism_events_activity_large,الفعاليات كبير,Large Events,Large scale operation,390
tourism_media_activity,tourism_media_activity_small,الإعلام صغير,Small Media,Small scale operation,391
tourism_media_activity,tourism_media_activity_medium,الإعلام متوسط,Medium Media,Medium scale operation,392
tourism_media_activity,tourism_media_activity_large,الإعلام كبير,Large Media,Large scale operation,393
tourism_sports_activity,tourism_sports_activity_small,الرياضة صغير,Small Sports,Small scale operation,394
tourism_sports_activity,tourism_sports_activity_medium,الرياضة متوسط,Medium Sports,Medium scale operation,395
tourism_sports_activity,tourism_sports_activity_large,الرياضة كبير,Large Sports,Large scale operation,396
tourism_tourism_activity,tourism_tourism_activity_small,السياحة صغير,Small Tourism,Small scale operation,397
tourism_tourism_activity,tourism_tourism_activity_medium,السياحة متوسط,Medium Tourism,Medium scale operation,398
tourism_tourism_activity,tourism_tourism_activity_large,السياحة كبير,Large Tourism,Large scale operation,399
hospitality_software_activity,hospitality_software_activity_small,البرمجيات صغير,Small Software,Small scale operation,400
hospitality_software_activity,hospitality_software_activity_medium,البرمجيات متوسط,Medium Software,Medium scale operation,401
hospitality_software_activity,hospitality_software_activity_large,البرمجيات كبير,Large Software,Large scale operation,402
hospitality_hardware_activity,hospitality_hardware_activity_small,الأجهزة صغير,Small Hardware,Small scale operation,403
hospitality_hardware_activity,hospitality_hardware_activity_medium,الأجهزة متوسط,Medium Hardware,Medium scale operation,404
hospitality_hardware_activity,hospitality_hardware_activity_large,الأجهزة كبير,Large Hardware,Large scale operation,405
hospitality_it_services_activity,hospitality_it_services_activity_small,خدمات تكنولوجيا المعلومات صغير,Small IT Services,Small scale operation,406
hospitality_it_services_activity,hospitality_it_services_activity_medium,خدمات تكنولوجيا المعلومات متوسط,Medium IT Services,Medium scale operation,407
hospitality_it_services_activity,hospitality_it_services_activity_large,خدمات تكنولوجيا المعلومات كبير,Large IT Services,Large scale operation,408
hospitality_telecom_activity,hospitality_telecom_activity_small,الاتصالات صغير,Small Telecommunications,Small scale operation,409
hospitality_telecom_activity,hospitality_telecom_activity_medium,الاتصالات متوسط,Medium Telecommunications,Medium scale operation,410
hospitality_telecom_activity,hospitality_telecom_activity_large,الاتصالات كبير,Large Telecommunications,Large scale operation,411
entertainment_events_activity,entertainment_events_activity_small,الفعاليات صغير,Small Events,Small scale operation,412
entertainment_events_activity,entertainment_events_activity_medium,الفعاليات متوسط,Medium Events,Medium scale operation,413
entertainment_events_activity,entertainment_events_activity_large,الفعاليات كبير,Large Events,Large scale operation,414
entertainment_media_activity,entertainment_media_activity_small,الإعلام صغير,Small Media,Small scale operation,415
entertainment_media_activity,entertainment_media_activity_medium,الإعلام متوسط,Medium Media,Medium scale operation,416
entertainment_media_activity,entertainment_media_activity_large,الإعلام كبير,Large Media,Large scale operation,417
entertainment_sports_activity,entertainment_sports_activity_small,الرياضة صغير,Small Sports,Small scale operation,418
entertainment_sports_activity,entertainment_sports_activity_medium,الرياضة متوسط,Medium Sports,Medium scale operation,419
entertainment_sports_activity,entertainment_sports_activity_large,الرياضة كبير,Large Sports,Large scale operation,420
entertainment_tourism_activity,entertainment_tourism_activity_small,السياحة صغير,Small Tourism,Small scale operation,421
entertainment_tourism_activity,entertainment_tourism_activity_medium,السياحة متوسط,Medium Tourism,Medium scale operation,422
entertainment_tourism_activity,entertainment_tourism_activity_large,السياحة كبير,Large Tourism,Large scale operation,423
culture_consulting_activity,culture_consulting_activity_small,الاستشارات صغير,Small Consulting,Small scale operation,424
culture_consulting_activity,culture_consulting_activity_medium,الاستشارات متوسط,Medium Consulting,Medium scale operation,425
culture_consulting_activity,culture_consulting_activity_large,الاستشارات كبير,Large Consulting,Large scale operation,426
culture_maintenance_activity,culture_maintenance_activity_small,الصيانة صغير,Small Maintenance,Small scale operation,427
culture_maintenance_activity,culture_maintenance_activity_medium,الصيانة متوسط,Medium Maintenance,Medium scale operation,428
culture_maintenance_activity,culture_maintenance_activity_large,الصيانة كبير,Large Maintenance,Large scale operation,429
culture_cleaning_activity,culture_cleaning_activity_small,النظافة صغير,Small Cleaning Services,Small scale operation,430
culture_cleaning_activity,culture_cleaning_activity_medium,النظافة متوسط,Medium Cleaning Services,Medium scale operation,431
culture_cleaning_activity,culture_cleaning_activity_large,النظافة كبير,Large Cleaning Services,Large scale operation,432
culture_security_activity,culture_security_activity_small,الأمن والحراسة صغير,Small Security Services,Small scale operation,433
culture_security_activity,culture_security_activity_medium,الأمن والحراسة متوسط,Medium Security Services,Medium scale operation,434
culture_security_activity,culture_security_activity_large,الأمن والحراسة كبير,Large Security Services,Large scale operation,435
media_events_activity,media_events_activity_small,الفعاليات صغير,Small Events,Small scale operation,436
media_events_activity,media_events_activity_medium,الفعاليات متوسط,Medium Events,Medium scale operation,437
media_events_activity,media_events_activity_large,الفعاليات كبير,Large Events,Large scale operation,438
media_media_activity,media_media_activity_small,الإعلام صغير,Small Media,Small scale operation,439
media_media_activity,media_media_activity_medium,الإعلام متوسط,Medium Media,Medium scale operation,440
media_media_activity,media_media_activity_large,الإعلام كبير,Large Media,Large scale operation,441
media_sports_activity,media_sports_activity_small,الرياضة صغير,Small Sports,Small scale operation,442
media_sports_activity,media_sports_activity_medium,الرياضة متوسط,Medium Sports,Medium scale operation,443
media_sports_activity,media_sports_activity_large,الرياضة كبير,Large Sports,Large scale operation,444
media_tourism_activity,media_tourism_activity_small,السياحة صغير,Small Tourism,Small scale operation,445
media_tourism_activity,media_tourism_activity_medium,السياحة متوسط,Medium Tourism,Medium scale operation,446
media_tourism_activity,media_tourism_activity_large,السياحة كبير,Large Tourism,Large scale operation,447
advertising_consulting_activity,advertising_consulting_activity_small,الاستشارات صغير,Small Consulting,Small scale operation,448
advertising_consulting_activity,advertising_consulting_activity_medium,الاستشارات متوسط,Medium Consulting,Medium scale operation,449
advertising_consulting_activity,advertising_consulting_activity_large,الاستشارات كبير,Large Consulting,Large scale operation,450
advertising_maintenance_activity,advertising_maintenance_activity_small,الصيانة صغير,Small Maintenance,Small scale operation,451
advertising_maintenance_activity,advertising_maintenance_activity_medium,الصيانة متوسط,Medium Maintenance,Medium scale operation,452
advertising_maintenance_activity,advertising_maintenance_activity_large,الصيانة كبير,Large Maintenance,Large scale operation,453
advertising_cleaning_activity,advertising_cleaning_activity_small,النظافة صغير,Small Cleaning Services,Small scale operation,454
advertising_cleaning_activity,advertising_cleaning_activity_medium,النظافة متوسط,Medium Cleaning Services,Medium scale operation,455
advertising_cleaning_activity,advertising_cleaning_activity_large,النظافة كبير,Large Cleaning Services,Large scale operation,456
advertising_security_activity,advertising_security_activity_small,الأمن والحراسة صغير,Small Security Services,Small scale operation,457
advertising_security_activity,advertising_security_activity_medium,الأمن والحراسة متوسط,Medium Security Services,Medium scale operation,458
advertising_security_activity,advertising_security_activity_large,الأمن والحراسة كبير,Large Security Services,Large scale operation,459
technology_software_activity,technology_software_activity_small,البرمجيات صغير,Small Software,Small scale operation,460
technology_software_activity,technology_software_activity_medium,البرمجيات متوسط,Medium Software,Medium scale operation,461
technology_software_activity,technology_software_activity_large,البرمجيات كبير,Large Software,Large scale operation,462
technology_hardware_activity,technology_hardware_activity_small,الأجهزة صغير,Small Hardware,Small scale operation,463
technology_hardware_activity,technology_hardware_activity_medium,الأجهزة متوسط,Medium Hardware,Medium scale operation,464
technology_hardware_activity,technology_hardware_activity_large,الأجهزة كبير,Large Hardware,Large scale operation,465
technology_it_services_activity,technology_it_services_activity_small,خدمات تكنولوجيا المعلومات صغير,Small IT Services,Small scale operation,466
technology_it_services_activity,technology_it_services_activity_medium,خدمات تكنولوجيا المعلومات متوسط,Medium IT Services,Medium scale operation,467
technology_it_services_activity,technology_it_services_activity_large,خدمات تكنولوجيا المعلومات كبير,Large IT Services,Large scale operation,468
technology_telecom_activity,technology_telecom_activity_small,الاتصالات صغير,Small Telecommunications,Small scale operation,469
technology_telecom_activity,technology_telecom_activity_medium,الاتصالات متوسط,Medium Telecommunications,Medium scale operation,470
technology_telecom_activity,technology_telecom_activity_large,الاتصالات كبير,Large Telecommunications,Large scale operation,471
artificial_intelligence_consulting_activity,artificial_intelligence_consulting_activity_small,الاستشارات صغير,Small Consulting,Small scale operation,472
artificial_intelligence_consulting_activity,artificial_intelligence_consulting_activity_medium,الاستشارات متوسط,Medium Consulting,Medium scale operation,473
artificial_intelligence_consulting_activity,artificial_intelligence_consulting_activity_large,الاستشارات كبير,Large Consulting,Large scale operation,474
artificial_intelligence_maintenance_activity,artificial_intelligence_maintenance_activity_small,الصيانة صغير,Small Maintenance,Small scale operation,475
artificial_intelligence_maintenance_activity,artificial_intelligence_maintenance_activity_medium,الصيانة متوسط,Medium Maintenance,Medium scale operation,476
artificial_intelligence_maintenance_activity,artificial_intelligence_maintenance_activity_large,الصيانة كبير,Large Maintenance,Large scale operation,477
artificial_intelligence_cleaning_activity,artificial_intelligence_cleaning_activity_small,النظافة صغير,Small Cleaning Services,Small scale operation,478
artificial_intelligence_cleaning_activity,artificial_intelligence_cleaning_activity_medium,النظافة متوسط,Medium Cleaning Services,Medium scale operation,479
artificial_intelligence_cleaning_activity,artificial_intelligence_cleaning_activity_large,النظافة كبير,Large Cleaning Services,Large scale operation,480
artificial_intelligence_security_activity,artificial_intelligence_security_activity_small,الأمن والحراسة صغير,Small Security Services,Small scale operation,481
artificial_intelligence_security_activity,artificial_intelligence_security_activity_medium,الأمن والحراسة متوسط,Medium Security Services,Medium scale operation,482
artificial_intelligence_security_activity,artificial_intelligence_security_activity_large,الأمن والحراسة كبير,Large Security Services,Large scale operation,483
cybersecurity_software_activity,cybersecurity_software_activity_small,البرمجيات صغير,Small Software,Small scale operation,484
cybersecurity_software_activity,cybersecurity_software_activity_medium,البرمجيات متوسط,Medium Software,Medium scale operation,485
cybersecurity_software_activity,cybersecurity_software_activity_large,البرمجيات كبير,Large Software,Large scale operation,486
cybersecurity_hardware_activity,cybersecurity_hardware_activity_small,الأجهزة صغير,Small Hardware,Small scale operation,487
cybersecurity_hardware_activity,cybersecurity_hardware_activity_medium,الأجهزة متوسط,Medium Hardware,Medium scale operation,488
cybersecurity_hardware_activity,cybersecurity_hardware_activity_large,الأجهزة كبير,Large Hardware,Large scale operation,489
cybersecurity_it_services_activity,cybersecurity_it_services_activity_small,خدمات تكنولوجيا المعلومات صغير,Small IT Services,Small scale operation,490
cybersecurity_it_services_activity,cybersecurity_it_services_activity_medium,خدمات تكنولوجيا المعلومات متوسط,Medium IT Services,Medium scale operation,491
cybersecurity_it_services_activity,cybersecurity_it_services_activity_large,خدمات تكنولوجيا المعلومات كبير,Large IT Services,Large scale operation,492
cybersecurity_telecom_activity,cybersecurity_telecom_activity_small,الاتصالات صغير,Small Telecommunications,Small scale operation,493
cybersecurity_telecom_activity,cybersecurity_telecom_activity_medium,الاتصالات متوسط,Medium Telecommunications,Medium scale operation,494
cybersecurity_telecom_activity,cybersecurity_telecom_activity_large,الاتصالات كبير,Large Telecommunications,Large scale operation,495
commerce_retail_activity,commerce_retail_activity_small,التجزئة صغير,Small Retail,Small scale operation,496
commerce_retail_activity,commerce_retail_activity_medium,التجزئة متوسط,Medium Retail,Medium scale operation,497
commerce_retail_activity,commerce_retail_activity_large,التجزئة كبير,Large Retail,Large scale operation,498
commerce_wholesale_activity,commerce_wholesale_activity_small,الجملة صغير,Small Wholesale,Small scale operation,499
commerce_wholesale_activity,commerce_wholesale_activity_medium,الجملة متوسط,Medium Wholesale,Medium scale operation,500
commerce_wholesale_activity,commerce_wholesale_activity_large,الجملة كبير,Large Wholesale,Large scale operation,501
commerce_ecommerce_activity,commerce_ecommerce_activity_small,التجارة الإلكترونية صغير,Small E-Commerce,Small scale operation,502
commerce_ecommerce_activity,commerce_ecommerce_activity_medium,التجارة الإلكترونية متوسط,Medium E-Commerce,Medium scale operation,503
commerce_ecommerce_activity,commerce_ecommerce_activity_large,التجارة الإلكترونية كبير,Large E-Commerce,Large scale operation,504
commerce_import_export_activity,commerce_import_export_activity_small,الاستيراد والتصدير صغير,Small Import & Export,Small scale operation,505
commerce_import_export_activity,commerce_import_export_activity_medium,الاستيراد والتصدير متوسط,Medium Import & Export,Medium scale operation,506
commerce_import_export_activity,commerce_import_export_activity_large,الاستيراد والتصدير كبير,Large Import & Export,Large scale operation,507
ecommerce_retail_activity,ecommerce_retail_activity_small,التجزئة صغير,Small Retail,Small scale operation,508
ecommerce_retail_activity,ecommerce_retail_activity_medium,التجزئة متوسط,Medium Retail,Medium scale operation,509
ecommerce_retail_activity,ecommerce_retail_activity_large,التجزئة كبير,Large Retail,Large scale operation,510
ecommerce_wholesale_activity,ecommerce_wholesale_activity_small,الجملة صغير,Small Wholesale,Small scale operation,511
ecommerce_wholesale_activity,ecommerce_wholesale_activity_medium,الجملة متوسط,Medium Wholesale,Medium scale operation,512
ecommerce_wholesale_activity,ecommerce_wholesale_activity_large,الجملة كبير,Large Wholesale,Large scale operation,513
ecommerce_ecommerce_activity,ecommerce_ecommerce_activity_small,التجارة الإلكترونية صغير,Small E-Commerce,Small scale operation,514
ecommerce_ecommerce_activity,ecommerce_ecommerce_activity_medium,التجارة الإلكترونية متوسط,Medium E-Commerce,Medium scale operation,515
ecommerce_ecommerce_activity,ecommerce_ecommerce_activity_large,التجارة الإلكترونية كبير,Large E-Commerce,Large scale operation,516
ecommerce_import_export_activity,ecommerce_import_export_activity_small,الاستيراد والتصدير صغير,Small Import & Export,Small scale operation,517
ecommerce_import_export_activity,ecommerce_import_export_activity_medium,الاستيراد والتصدير متوسط,Medium Import & Export,Medium scale operation,518
ecommerce_import_export_activity,ecommerce_import_export_activity_large,الاستيراد والتصدير كبير,Large Import & Export,Large scale operation,519
public_services_public_services_activity,public_services_public_services_activity_small,الخدمات العامة صغير,Small Public Services,Small scale operation,520
public_services_public_services_activity,public_services_public_services_activity_medium,الخدمات العامة متوسط,Medium Public Services,Medium scale operation,521
public_services_public_services_activity,public_services_public_services_activity_large,الخدمات العامة كبير,Large Public Services,Large scale operation,522
public_services_consulting_activity,public_services_consulting_activity_small,الاستشارات الحكومية صغير,Small Government Consulting,Small scale operation,523
public_services_consulting_activity,public_services_consulting_activity_medium,الاستشارات الحكومية متوسط,Medium Government Consulting,Medium scale operation,524
public_services_consulting_activity,public_services_consulting_activity_large,الاستشارات الحكومية كبير,Large Government Consulting,Large scale operation,525
public_services_facilities_activity,public_services_facilities_activity_small,إدارة المرافق صغير,Small Facilities Management,Small scale operation,526
public_services_facilities_activity,public_services_facilities_activity_medium,إدارة المرافق متوسط,Medium Facilities Management,Medium scale operation,527
public_services_facilities_activity,public_services_facilities_activity_large,إدارة المرافق كبير,Large Facilities Management,Large scale operation,528
public_services_digital_activity,public_services_digital_activity_small,التحول الرقمي صغير,Small Digital Transformation,Small scale operation,529
public_services_digital_activity,public_services_digital_activity_medium,التحول الرقمي متوسط,Medium Digital Transformation,Medium scale operation,530
public_services_digital_activity,public_services_digital_activity_large,التحول الرقمي كبير,Large Digital Transformation,Large scale operation,531
facilities_management_software_activity,facilities_management_software_activity_small,البرمجيات صغير,Small Software,Small scale operation,532
facilities_management_software_activity,facilities_management_software_activity_medium,البرمجيات متوسط,Medium Software,Medium scale operation,533
facilities_management_software_activity,facilities_management_software_activity_large,البرمجيات كبير,Large Software,Large scale operation,534
facilities_management_hardware_activity,facilities_management_hardware_activity_small,الأجهزة صغير,Small Hardware,Small scale operation,535
facilities_management_hardware_activity,facilities_management_hardware_activity_medium,الأجهزة متوسط,Medium Hardware,Medium scale operation,536
facilities_management_hardware_activity,facilities_management_hardware_activity_large,الأجهزة كبير,Large Hardware,Large scale operation,537
facilities_management_it_services_activity,facilities_management_it_services_activity_small,خدمات تكنولوجيا المعلومات صغير,Small IT Services,Small scale operation,538
facilities_management_it_services_activity,facilities_management_it_services_activity_medium,خدمات تكنولوجيا المعلومات متوسط,Medium IT Services,Medium scale operation,539
facilities_management_it_services_activity,facilities_management_it_services_activity_large,خدمات تكنولوجيا المعلومات كبير,Large IT Services,Large scale operation,540
facilities_management_telecom_activity,facilities_management_telecom_activity_small,الاتصالات صغير,Small Telecommunications,Small scale operation,541
facilities_management_telecom_activity,facilities_management_telecom_activity_medium,الاتصالات متوسط,Medium Telecommunications,Medium scale operation,542
facilities_management_telecom_activity,facilities_management_telecom_activity_large,الاتصالات كبير,Large Telecommunications,Large scale operation,543
consulting_consulting_activity,consulting_consulting_activity_small,الاستشارات صغير,Small Consulting,Small scale operation,544
consulting_consulting_activity,consulting_consulting_activity_medium,الاستشارات متوسط,Medium Consulting,Medium scale operation,545
consulting_consulting_activity,consulting_consulting_activity_large,الاستشارات كبير,Large Consulting,Large scale operation,546
consulting_maintenance_activity,consulting_maintenance_activity_small,الصيانة صغير,Small Maintenance,Small scale operation,547
consulting_maintenance_activity,consulting_maintenance_activity_medium,الصيانة متوسط,Medium Maintenance,Medium scale operation,548
consulting_maintenance_activity,consulting_maintenance_activity_large,الصيانة كبير,Large Maintenance,Large scale operation,549
consulting_cleaning_activity,consulting_cleaning_activity_small,النظافة صغير,Small Cleaning Services,Small scale operation,550
consulting_cleaning_activity,consulting_cleaning_activity_medium,النظافة متوسط,Medium Cleaning Services,Medium scale operation,551
consulting_cleaning_activity,consulting_cleaning_activity_large,النظافة كبير,Large Cleaning Services,Large scale operation,552
consulting_security_activity,consulting_security_activity_small,الأمن والحراسة صغير,Small Security Services,Small scale operation,553
consulting_security_activity,consulting_security_activity_medium,الأمن والحراسة متوسط,Medium Security Services,Medium scale operation,554
consulting_security_activity,consulting_security_activity_large,الأمن والحراسة كبير,Large Security Services,Large scale operation,555
commercial_brokerage_consulting_activity,commercial_brokerage_consulting_activity_small,الاستشارات صغير,Small Consulting,Small scale operation,556
commercial_brokerage_consulting_activity,commercial_brokerage_consulting_activity_medium,الاستشارات متوسط,Medium Consulting,Medium scale operation,557
commercial_brokerage_consulting_activity,commercial_brokerage_consulting_activity_large,الاستشارات كبير,Large Consulting,Large scale operation,558
commercial_brokerage_maintenance_activity,commercial_brokerage_maintenance_activity_small,الصيانة صغير,Small Maintenance,Small scale operation,559
commercial_brokerage_maintenance_activity,commercial_brokerage_maintenance_activity_medium,الصيانة متوسط,Medium Maintenance,Medium scale operation,560
commercial_brokerage_maintenance_activity,commercial_brokerage_maintenance_activity_large,الصيانة كبير,Large Maintenance,Large scale operation,561
commercial_brokerage_cleaning_activity,commercial_brokerage_cleaning_activity_small,النظافة صغير,Small Cleaning Services,Small scale operation,562
commercial_brokerage_cleaning_activity,commercial_brokerage_cleaning_activity_medium,النظافة متوسط,Medium Cleaning Services,Medium scale operation,563
commercial_brokerage_cleaning_activity,commercial_brokerage_cleaning_activity_large,النظافة كبير,Large Cleaning Services,Large scale operation,564
commercial_brokerage_security_activity,commercial_brokerage_security_activity_small,الأمن والحراسة صغير,Small Security Services,Small scale operation,565
commercial_brokerage_security_activity,commercial_brokerage_security_activity_medium,الأمن والحراسة متوسط,Medium Security Services,Medium scale operation,566
commercial_brokerage_security_activity,commercial_brokerage_security_activity_large,الأمن والحراسة كبير,Large Security Services,Large scale operation,567
insurance_agent_banking_activity,insurance_agent_banking_activity_small,الخدمات المصرفية صغير,Small Banking Services,Small scale operation,568
insurance_agent_banking_activity,insurance_agent_banking_activity_medium,الخدمات المصرفية متوسط,Medium Banking Services,Medium scale operation,569
insurance_agent_banking_activity,insurance_agent_banking_activity_large,الخدمات المصرفية كبير,Large Banking Services,Large scale operation,570
insurance_agent_insurance_activity,insurance_agent_insurance_activity_small,التأمين صغير,Small Insurance,Small scale operation,571
insurance_agent_insurance_activity,insurance_agent_insurance_activity_medium,التأمين متوسط,Medium Insurance,Medium scale operation,572
insurance_agent_insurance_activity,insurance_agent_insurance_activity_large,التأمين كبير,Large Insurance,Large scale operation,573
insurance_agent_fintech_activity,insurance_agent_fintech_activity_small,التقنية المالية صغير,Small Fintech,Small scale operation,574
insurance_agent_fintech_activity,insurance_agent_fintech_activity_medium,التقنية المالية متوسط,Medium Fintech,Medium scale operation,575
insurance_agent_fintech_activity,insurance_agent_fintech_activity_large,التقنية المالية كبير,Large Fintech,Large scale operation,576
insurance_agent_investment_activity,insurance_agent_investment_activity_small,الاستثمار صغير,Small Investment,Small scale operation,577
insurance_agent_investment_activity,insurance_agent_investment_activity_medium,الاستثمار متوسط,Medium Investment,Medium scale operation,578
insurance_agent_investment_activity,insurance_agent_investment_activity_large,الاستثمار كبير,Large Investment,Large scale operation,579
insurance_broker_banking_activity,insurance_broker_banking_activity_small,الخدمات المصرفية صغير,Small Banking Services,Small scale operation,580
insurance_broker_banking_activity,insurance_broker_banking_activity_medium,الخدمات المصرفية متوسط,Medium Banking Services,Medium scale operation,581
insurance_broker_banking_activity,insurance_broker_banking_activity_large,الخدمات المصرفية كبير,Large Banking Services,Large scale operation,582
insurance_broker_insurance_activity,insurance_broker_insurance_activity_small,التأمين صغير,Small Insurance,Small scale operation,583
insurance_broker_insurance_activity,insurance_broker_insurance_activity_medium,التأمين متوسط,Medium Insurance,Medium scale operation,584
insurance_broker_insurance_activity,insurance_broker_insurance_activity_large,التأمين كبير,Large Insurance,Large scale operation,585
insurance_broker_fintech_activity,insurance_broker_fintech_activity_small,التقنية المالية صغير,Small Fintech,Small scale operation,586
insurance_broker_fintech_activity,insurance_broker_fintech_activity_medium,التقنية المالية متوسط,Medium Fintech,Medium scale operation,587
insurance_broker_fintech_activity,insurance_broker_fintech_activity_large,التقنية المالية كبير,Large Fintech,Large scale operation,588
insurance_broker_investment_activity,insurance_broker_investment_activity_small,الاستثمار صغير,Small Investment,Small scale operation,589
insurance_broker_investment_activity,insurance_broker_investment_activity_medium,الاستثمار متوسط,Medium Investment,Medium scale operation,590
insurance_broker_investment_activity,insurance_broker_investment_activity_large,الاستثمار كبير,Large Investment,Large scale operation,591
human_resources_consulting_activity,human_resources_consulting_activity_small,الاستشارات صغير,Small Consulting,Small scale operation,592
human_resources_consulting_activity,human_resources_consulting_activity_medium,الاستشارات متوسط,Medium Consulting,Medium scale operation,593
human_resources_consulting_activity,human_resources_consulting_activity_large,الاستشارات كبير,Large Consulting,Large scale operation,594
human_resources_maintenance_activity,human_resources_maintenance_activity_small,الصيانة صغير,Small Maintenance,Small scale operation,595
human_resources_maintenance_activity,human_resources_maintenance_activity_medium,الصيانة متوسط,Medium Maintenance,Medium scale operation,596
human_resources_maintenance_activity,human_resources_maintenance_activity_large,الصيانة كبير,Large Maintenance,Large scale operation,597
human_resources_cleaning_activity,human_resources_cleaning_activity_small,النظافة صغير,Small Cleaning Services,Small scale operation,598
human_resources_cleaning_activity,human_resources_cleaning_activity_medium,النظافة متوسط,Medium Cleaning Services,Medium scale operation,599
human_resources_cleaning_activity,human_resources_cleaning_activity_large,النظافة كبير,Large Cleaning Services,Large scale operation,600
human_resources_security_activity,human_resources_security_activity_small,الأمن والحراسة صغير,Small Security Services,Small scale operation,601
human_resources_security_activity,human_resources_security_activity_medium,الأمن والحراسة متوسط,Medium Security Services,Medium scale operation,602
human_resources_security_activity,human_resources_security_activity_large,الأمن والحراسة كبير,Large Security Services,Large scale operation,603
energy_renewable_activity,energy_renewable_activity_small,الطاقة المتجددة صغير,Small Renewable Energy,Small scale operation,604
energy_renewable_activity,energy_renewable_activity_medium,الطاقة المتجددة متوسط,Medium Renewable Energy,Medium scale operation,605
energy_renewable_activity,energy_renewable_activity_large,الطاقة المتجددة كبير,Large Renewable Energy,Large scale operation,606
energy_oil_gas_activity,energy_oil_gas_activity_small,النفط والغاز صغير,Small Oil & Gas,Small scale operation,607
energy_oil_gas_activity,energy_oil_gas_activity_medium,النفط والغاز متوسط,Medium Oil & Gas,Medium scale operation,608
energy_oil_gas_activity,energy_oil_gas_activity_large,النفط والغاز كبير,Large Oil & Gas,Large scale operation,609
energy_utilities_activity,energy_utilities_activity_small,الخدمات العامة صغير,Small Utilities,Small scale operation,610
energy_utilities_activity,energy_utilities_activity_medium,الخدمات العامة متوسط,Medium Utilities,Medium scale operation,611
energy_utilities_activity,energy_utilities_activity_large,الخدمات العامة كبير,Large Utilities,Large scale operation,612
energy_efficiency_activity,energy_efficiency_activity_small,كفاءة الطاقة صغير,Small Energy Efficiency,Small scale operation,613
energy_efficiency_activity,energy_efficiency_activity_medium,كفاءة الطاقة متوسط,Medium Energy Efficiency,Medium scale operation,614
energy_efficiency_activity,energy_efficiency_activity_large,كفاءة الطاقة كبير,Large Energy Efficiency,Large scale operation,615
automotive_consulting_activity,automotive_consulting_activity_small,الاستشارات صغير,Small Consulting,Small scale operation,616
automotive_consulting_activity,automotive_consulting_activity_medium,الاستشارات متوسط,Medium Consulting,Medium scale operation,617
automotive_consulting_activity,automotive_consulting_activity_large,الاستشارات كبير,Large Consulting,Large scale operation,618
automotive_maintenance_activity,automotive_maintenance_activity_small,الصيانة صغير,Small Maintenance,Small scale operation,619
automotive_maintenance_activity,automotive_maintenance_activity_medium,الصيانة متوسط,Medium Maintenance,Medium scale operation,620
automotive_maintenance_activity,automotive_maintenance_activity_large,الصيانة كبير,Large Maintenance,Large scale operation,621
automotive_cleaning_activity,automotive_cleaning_activity_small,النظافة صغير,Small Cleaning Services,Small scale operation,622
automotive_cleaning_activity,automotive_cleaning_activity_medium,النظافة متوسط,Medium Cleaning Services,Medium scale operation,623
automotive_cleaning_activity,automotive_cleaning_activity_large,النظافة كبير,Large Cleaning Services,Large scale operation,624
automotive_security_activity,automotive_security_activity_small,الأمن والحراسة صغير,Small Security Services,Small scale operation,625
automotive_security_activity,automotive_security_activity_medium,الأمن والحراسة متوسط,Medium Security Services,Medium scale operation,626
automotive_security_activity,automotive_security_activity_large,الأمن والحراسة كبير,Large Security Services,Large scale operation,627
heavy_equipment_consulting_activity,heavy_equipment_consulting_activity_small,الاستشارات صغير,Small Consulting,Small scale operation,628
heavy_equipment_consulting_activity,heavy_equipment_consulting_activity_medium,الاستشارات متوسط,Medium Consulting,Medium scale operation,629
heavy_equipment_consulting_activity,heavy_equipment_consulting_activity_large,الاستشارات كبير,Large Consulting,Large scale operation,630
heavy_equipment_maintenance_activity,heavy_equipment_maintenance_activity_small,الصيانة صغير,Small Maintenance,Small scale operation,631
heavy_equipment_maintenance_activity,heavy_equipment_maintenance_activity_medium,الصيانة متوسط,Medium Maintenance,Medium scale operation,632
heavy_equipment_maintenance_activity,heavy_equipment_maintenance_activity_large,الصيانة كبير,Large Maintenance,Large scale operation,633
heavy_equipment_cleaning_activity,heavy_equipment_cleaning_activity_small,النظافة صغير,Small Cleaning Services,Small scale operation,634
heavy_equipment_cleaning_activity,heavy_equipment_cleaning_activity_medium,النظافة متوسط,Medium Cleaning Services,Medium scale operation,635
heavy_equipment_cleaning_activity,heavy_equipment_cleaning_activity_large,النظافة كبير,Large Cleaning Services,Large scale operation,636
heavy_equipment_security_activity,heavy_equipment_security_activity_small,الأمن والحراسة صغير,Small Security Services,Small scale operation,637
heavy_equipment_security_activity,heavy_equipment_security_activity_medium,الأمن والحراسة متوسط,Medium Security Services,Medium scale operation,638
heavy_equipment_security_activity,heavy_equipment_security_activity_large,الأمن والحراسة كبير,Large Security Services,Large scale operation,639
furniture_software_activity,furniture_software_activity_small,البرمجيات صغير,Small Software,Small scale operation,640
furniture_software_activity,furniture_software_activity_medium,البرمجيات متوسط,Medium Software,Medium scale operation,641
furniture_software_activity,furniture_software_activity_large,البرمجيات كبير,Large Software,Large scale operation,642
furniture_hardware_activity,furniture_hardware_activity_small,الأجهزة صغير,Small Hardware,Small scale operation,643
furniture_hardware_activity,furniture_hardware_activity_medium,الأجهزة متوسط,Medium Hardware,Medium scale operation,644
furniture_hardware_activity,furniture_hardware_activity_large,الأجهزة كبير,Large Hardware,Large scale operation,645
furniture_it_services_activity,furniture_it_services_activity_small,خدمات تكنولوجيا المعلومات صغير,Small IT Services,Small scale operation,646
furniture_it_services_activity,furniture_it_services_activity_medium,خدمات تكنولوجيا المعلومات متوسط,Medium IT Services,Medium scale operation,647
furniture_it_services_activity,furniture_it_services_activity_large,خدمات تكنولوجيا المعلومات كبير,Large IT Services,Large scale operation,648
furniture_telecom_activity,furniture_telecom_activity_small,الاتصالات صغير,Small Telecommunications,Small scale operation,649
furniture_telecom_activity,furniture_telecom_activity_medium,الاتصالات متوسط,Medium Telecommunications,Medium scale operation,650
furniture_telecom_activity,furniture_telecom_activity_large,الاتصالات كبير,Large Telecommunications,Large scale operation,651
beauty_consulting_activity,beauty_consulting_activity_small,الاستشارات صغير,Small Consulting,Small scale operation,652
beauty_consulting_activity,beauty_consulting_activity_medium,الاستشارات متوسط,Medium Consulting,Medium scale operation,653
beauty_consulting_activity,beauty_consulting_activity_large,الاستشارات كبير,Large Consulting,Large scale operation,654
beauty_maintenance_activity,beauty_maintenance_activity_small,الصيانة صغير,Small Maintenance,Small scale operation,655
beauty_maintenance_activity,beauty_maintenance_activity_medium,الصيانة متوسط,Medium Maintenance,Medium scale operation,656
beauty_maintenance_activity,beauty_maintenance_activity_large,الصيانة كبير,Large Maintenance,Large scale operation,657
beauty_cleaning_activity,beauty_cleaning_activity_small,النظافة صغير,Small Cleaning Services,Small scale operation,658
beauty_cleaning_activity,beauty_cleaning_activity_medium,النظافة متوسط,Medium Cleaning Services,Medium scale operation,659
beauty_cleaning_activity,beauty_cleaning_activity_large,النظافة كبير,Large Cleaning Services,Large scale operation,660
beauty_security_activity,beauty_security_activity_small,الأمن والحراسة صغير,Small Security Services,Small scale operation,661
beauty_security_activity,beauty_security_activity_medium,الأمن والحراسة متوسط,Medium Security Services,Medium scale operation,662
beauty_security_activity,beauty_security_activity_large,الأمن والحراسة كبير,Large Security Services,Large scale operation,663
food_beverage_restaurants_activity,food_beverage_restaurants_activity_small,المطاعم صغير,Small Restaurants,Small scale operation,664
food_beverage_restaurants_activity,food_beverage_restaurants_activity_medium,المطاعم متوسط,Medium Restaurants,Medium scale operation,665
food_beverage_restaurants_activity,food_beverage_restaurants_activity_large,المطاعم كبير,Large Restaurants,Large scale operation,666
food_beverage_cafes_activity,food_beverage_cafes_activity_small,المقاهي صغير,Small Cafes,Small scale operation,667
food_beverage_cafes_activity,food_beverage_cafes_activity_medium,المقاهي متوسط,Medium Cafes,Medium scale operation,668
food_beverage_cafes_activity,food_beverage_cafes_activity_large,المقاهي كبير,Large Cafes,Large scale operation,669
food_beverage_catering_activity,food_beverage_catering_activity_small,التموين صغير,Small Catering,Small scale operation,670
food_beverage_catering_activity,food_beverage_catering_activity_medium,التموين متوسط,Medium Catering,Medium scale operation,671
food_beverage_catering_activity,food_beverage_catering_activity_large,التموين كبير,Large Catering,Large scale operation,672
food_beverage_fast_food_activity,food_beverage_fast_food_activity_small,الوجبات السريعة صغير,Small Fast Food,Small scale operation,673
food_beverage_fast_food_activity,food_beverage_fast_food_activity_medium,الوجبات السريعة متوسط,Medium Fast Food,Medium scale operation,674
food_beverage_fast_food_activity,food_beverage_fast_food_activity_large,الوجبات السريعة كبير,Large Fast Food,Large scale operation,675
security_safety_software_activity,security_safety_software_activity_small,البرمجيات صغير,Small Software,Small scale operation,676
security_safety_software_activity,security_safety_software_activity_medium,البرمجيات متوسط,Medium Software,Medium scale operation,677
security_safety_software_activity,security_safety_software_activity_large,البرمجيات كبير,Large Software,Large scale operation,678
security_safety_hardware_activity,security_safety_hardware_activity_small,الأجهزة صغير,Small Hardware,Small scale operation,679
security_safety_hardware_activity,security_safety_hardware_activity_medium,الأجهزة متوسط,Medium Hardware,Medium scale operation,680
security_safety_hardware_activity,security_safety_hardware_activity_large,الأجهزة كبير,Large Hardware,Large scale operation,681
security_safety_it_services_activity,security_safety_it_services_activity_small,خدمات تكنولوجيا المعلومات صغير,Small IT Services,Small scale operation,682
security_safety_it_services_activity,security_safety_it_services_activity_medium,خدمات تكنولوجيا المعلومات متوسط,Medium IT Services,Medium scale operation,683
security_safety_it_services_activity,security_safety_it_services_activity_large,خدمات تكنولوجيا المعلومات كبير,Large IT Services,Large scale operation,684
security_safety_telecom_activity,security_safety_telecom_activity_small,الاتصالات صغير,Small Telecommunications,Small scale operation,685
security_safety_telecom_activity,security_safety_telecom_activity_medium,الاتصالات متوسط,Medium Telecommunications,Medium scale operation,686
security_safety_telecom_activity,security_safety_telecom_activity_large,الاتصالات كبير,Large Telecommunications,Large scale operation,687
laboratories_consulting_activity,laboratories_consulting_activity_small,الاستشارات صغير,Small Consulting,Small scale operation,688
laboratories_consulting_activity,laboratories_consulting_activity_medium,الاستشارات متوسط,Medium Consulting,Medium scale operation,689
laboratories_consulting_activity,laboratories_consulting_activity_large,الاستشارات كبير,Large Consulting,Large scale operation,690
laboratories_maintenance_activity,laboratories_maintenance_activity_small,الصيانة صغير,Small Maintenance,Small scale operation,691
laboratories_maintenance_activity,laboratories_maintenance_activity_medium,الصيانة متوسط,Medium Maintenance,Medium scale operation,692
laboratories_maintenance_activity,laboratories_maintenance_activity_large,الصيانة كبير,Large Maintenance,Large scale operation,693
laboratories_cleaning_activity,laboratories_cleaning_activity_small,النظافة صغير,Small Cleaning Services,Small scale operation,694
laboratories_cleaning_activity,laboratories_cleaning_activity_medium,النظافة متوسط,Medium Cleaning Services,Medium scale operation,695
laboratories_cleaning_activity,laboratories_cleaning_activity_large,النظافة كبير,Large Cleaning Services,Large scale operation,696
laboratories_security_activity,laboratories_security_activity_small,الأمن والحراسة صغير,Small Security Services,Small scale operation,697
laboratories_security_activity,laboratories_security_activity_medium,الأمن والحراسة متوسط,Medium Security Services,Medium scale operation,698
laboratories_security_activity,laboratories_security_activity_large,الأمن والحراسة كبير,Large Security Services,Large scale operation,699
research_development_residential_activity,research_development_residential_activity_small,السكني صغير,Small Residential,Small scale operation,700
research_development_residential_activity,research_development_residential_activity_medium,السكني متوسط,Medium Residential,Medium scale operation,701
research_development_residential_activity,research_development_residential_activity_large,السكني كبير,Large Residential,Large scale operation,702
research_development_commercial_activity,research_development_commercial_activity_small,التجاري صغير,Small Commercial,Small scale operation,703
research_development_commercial_activity,research_development_commercial_activity_medium,التجاري متوسط,Medium Commercial,Medium scale operation,704
research_development_commercial_activity,research_development_commercial_activity_large,التجاري كبير,Large Commercial,Large scale operation,705
research_development_industrial_activity,research_development_industrial_activity_small,الصناعي صغير,Small Industrial,Small scale operation,706
research_development_industrial_activity,research_development_industrial_activity_medium,الصناعي متوسط,Medium Industrial,Medium scale operation,707
research_development_industrial_activity,research_development_industrial_activity_large,الصناعي كبير,Large Industrial,Large scale operation,708
research_development_brokerage_activity,research_development_brokerage_activity_small,الوساطة العقارية صغير,Small Real Estate Brokerage,Small scale operation,709
research_development_brokerage_activity,research_development_brokerage_activity_medium,الوساطة العقارية متوسط,Medium Real Estate Brokerage,Medium scale operation,710
research_development_brokerage_activity,research_development_brokerage_activity_large,الوساطة العقارية كبير,Large Real Estate Brokerage,Large scale operation,711
sports_economy_events_activity,sports_economy_events_activity_small,الفعاليات صغير,Small Events,Small scale operation,712
sports_economy_events_activity,sports_economy_events_activity_medium,الفعاليات متوسط,Medium Events,Medium scale operation,713
sports_economy_events_activity,sports_economy_events_activity_large,الفعاليات كبير,Large Events,Large scale operation,714
sports_economy_media_activity,sports_economy_media_activity_small,الإعلام صغير,Small Media,Small scale operation,715
sports_economy_media_activity,sports_economy_media_activity_medium,الإعلام متوسط,Medium Media,Medium scale operation,716
sports_economy_media_activity,sports_economy_media_activity_large,الإعلام كبير,Large Media,Large scale operation,717
sports_economy_sports_activity,sports_economy_sports_activity_small,الرياضة صغير,Small Sports,Small scale operation,718
sports_economy_sports_activity,sports_economy_sports_activity_medium,الرياضة متوسط,Medium Sports,Medium scale operation,719
sports_economy_sports_activity,sports_economy_sports_activity_large,الرياضة كبير,Large Sports,Large scale operation,720
sports_economy_tourism_activity,sports_economy_tourism_activity_small,السياحة صغير,Small Tourism,Small scale operation,721
sports_economy_tourism_activity,sports_economy_tourism_activity_medium,السياحة متوسط,Medium Tourism,Medium scale operation,722
sports_economy_tourism_activity,sports_economy_tourism_activity_large,السياحة كبير,Large Tourism,Large scale operation,723
creative_economy_consulting_activity,creative_economy_consulting_activity_small,الاستشارات صغير,Small Consulting,Small scale operation,724
creative_economy_consulting_activity,creative_economy_consulting_activity_medium,الاستشارات متوسط,Medium Consulting,Medium scale operation,725
creative_economy_consulting_activity,creative_economy_consulting_activity_large,الاستشارات كبير,Large Consulting,Large scale operation,726
creative_economy_maintenance_activity,creative_economy_maintenance_activity_small,الصيانة صغير,Small Maintenance,Small scale operation,727
creative_economy_maintenance_activity,creative_economy_maintenance_activity_medium,الصيانة متوسط,Medium Maintenance,Medium scale operation,728
creative_economy_maintenance_activity,creative_economy_maintenance_activity_large,الصيانة كبير,Large Maintenance,Large scale operation,729
creative_economy_cleaning_activity,creative_economy_cleaning_activity_small,النظافة صغير,Small Cleaning Services,Small scale operation,730
creative_economy_cleaning_activity,creative_economy_cleaning_activity_medium,النظافة متوسط,Medium Cleaning Services,Medium scale operation,731
creative_economy_cleaning_activity,creative_economy_cleaning_activity_large,النظافة كبير,Large Cleaning Services,Large scale operation,732
creative_economy_security_activity,creative_economy_security_activity_small,الأمن والحراسة صغير,Small Security Services,Small scale operation,733
creative_economy_security_activity,creative_economy_security_activity_medium,الأمن والحراسة متوسط,Medium Security Services,Medium scale operation,734
creative_economy_security_activity,creative_economy_security_activity_large,الأمن والحراسة كبير,Large Security Services,Large scale operation,735
environment_sustainability_software_activity,environment_sustainability_software_activity_small,البرمجيات صغير,Small Software,Small scale operation,736
environment_sustainability_software_activity,environment_sustainability_software_activity_medium,البرمجيات متوسط,Medium Software,Medium scale operation,737
environment_sustainability_software_activity,environment_sustainability_software_activity_large,البرمجيات كبير,Large Software,Large scale operation,738
environment_sustainability_hardware_activity,environment_sustainability_hardware_activity_small,الأجهزة صغير,Small Hardware,Small scale operation,739
environment_sustainability_hardware_activity,environment_sustainability_hardware_activity_medium,الأجهزة متوسط,Medium Hardware,Medium scale operation,740
environment_sustainability_hardware_activity,environment_sustainability_hardware_activity_large,الأجهزة كبير,Large Hardware,Large scale operation,741
environment_sustainability_it_services_activity,environment_sustainability_it_services_activity_small,خدمات تكنولوجيا المعلومات صغير,Small IT Services,Small scale operation,742
environment_sustainability_it_services_activity,environment_sustainability_it_services_activity_medium,خدمات تكنولوجيا المعلومات متوسط,Medium IT Services,Medium scale operation,743
environment_sustainability_it_services_activity,environment_sustainability_it_services_activity_large,خدمات تكنولوجيا المعلومات كبير,Large IT Services,Large scale operation,744
environment_sustainability_telecom_activity,environment_sustainability_telecom_activity_small,الاتصالات صغير,Small Telecommunications,Small scale operation,745
environment_sustainability_telecom_activity,environment_sustainability_telecom_activity_medium,الاتصالات متوسط,Medium Telecommunications,Medium scale operation,746
environment_sustainability_telecom_activity,environment_sustainability_telecom_activity_large,الاتصالات كبير,Large Telecommunications,Large scale operation,747